AA,Type,AA_amounts,Position
A,disorder-promoting,158,Pos-2
A,disorder-promoting,157,Pos-1
A,disorder-promoting,0,Pos-0
A,disorder-promoting,139,Pos+1
A,disorder-promoting,167,Pos+2
C,order-promoting,48,Pos-2
C,order-promoting,19,Pos-1
C,order-promoting,0,Pos-0
C,order-promoting,23,Pos+1
C,order-promoting,19,Pos+2
D,Neutral,105,Pos-2
D,Neutral,90,Pos-1
D,Neutral,0,Pos-0
D,Neutral,73,Pos+1
D,Neutral,96,Pos+2
E,disorder-promoting,80,Pos-2
E,disorder-promoting,59,Pos-1
E,disorder-promoting,0,Pos-0
E,disorder-promoting,60,Pos+1
E,disorder-promoting,87,Pos+2
F,order-promoting,18,Pos-2
F,order-promoting,76,Pos-1
F,order-promoting,795,Pos-0
F,order-promoting,57,Pos+1
F,order-promoting,21,Pos+2
G,disorder-promoting,171,Pos-2
G,disorder-promoting,161,Pos-1
G,disorder-promoting,0,Pos-0
G,disorder-promoting,164,Pos+1
G,disorder-promoting,163,Pos+2
H,Neutral,69,Pos-2
H,Neutral,60,Pos-1
H,Neutral,0,Pos-0
H,Neutral,57,Pos+1
H,Neutral,67,Pos+2
I,order-promoting,24,Pos-2
I,order-promoting,34,Pos-1
I,order-promoting,0,Pos-0
I,order-promoting,24,Pos+1
I,order-promoting,28,Pos+2
K,disorder-promoting,43,Pos-2
K,disorder-promoting,40,Pos-1
K,disorder-promoting,0,Pos-0
K,disorder-promoting,42,Pos+1
K,disorder-promoting,43,Pos+2
L,order-promoting,125,Pos-2
L,order-promoting,93,Pos-1
L,order-promoting,0,Pos-0
L,order-promoting,153,Pos+1
L,order-promoting,137,Pos+2
M,Neutral,34,Pos-2
M,Neutral,30,Pos-1
M,Neutral,0,Pos-0
M,Neutral,31,Pos+1
M,Neutral,42,Pos+2
N,Neutral,64,Pos-2
N,Neutral,65,Pos-1
N,Neutral,0,Pos-0
N,Neutral,60,Pos+1
N,Neutral,102,Pos+2
P,disorder-promoting,244,Pos-2
P,disorder-promoting,232,Pos-1
P,disorder-promoting,0,Pos-0
P,disorder-promoting,267,Pos+1
P,disorder-promoting,223,Pos+2
Q,disorder-promoting,112,Pos-2
Q,disorder-promoting,85,Pos-1
Q,disorder-promoting,0,Pos-0
Q,disorder-promoting,112,Pos+1
Q,disorder-promoting,91,Pos+2
R,disorder-promoting,73,Pos-2
R,disorder-promoting,71,Pos-1
R,disorder-promoting,0,Pos-0
R,disorder-promoting,58,Pos+1
R,disorder-promoting,79,Pos+2
S,disorder-promoting,276,Pos-2
S,disorder-promoting,274,Pos-1
S,disorder-promoting,0,Pos-0
S,disorder-promoting,245,Pos+1
S,disorder-promoting,238,Pos+2
T,Neutral,83,Pos-2
T,Neutral,104,Pos-1
T,Neutral,0,Pos-0
T,Neutral,85,Pos+1
T,Neutral,98,Pos+2
V,order-promoting,56,Pos-2
V,order-promoting,77,Pos-1
V,order-promoting,0,Pos-0
V,order-promoting,54,Pos+1
V,order-promoting,65,Pos+2
W,order-promoting,0,Pos-2
W,order-promoting,9,Pos-1
W,order-promoting,176,Pos-0
W,order-promoting,17,Pos+1
W,order-promoting,5,Pos+2
Y,order-promoting,18,Pos-2
Y,order-promoting,65,Pos-1
Y,order-promoting,830,Pos-0
Y,order-promoting,80,Pos+1
Y,order-promoting,27,Pos+2