Amino,Freq,Sample
A,1.143754567,TF_PB_4aablock
R,0.591598896,TF_PB_4aablock
N,0.983263322,TF_PB_4aablock
D,0.896169273,TF_PB_4aablock
C,0.623292898,TF_PB_4aablock
Q,1.115556566,TF_PB_4aablock
E,0.56115475,TF_PB_4aablock
G,1.257489147,TF_PB_4aablock
H,1.176301291,TF_PB_4aablock
I,0.332427268,TF_PB_4aablock
L,0.670187342,TF_PB_4aablock
K,0.379835986,TF_PB_4aablock
M,0.808997686,TF_PB_4aablock
F,1.623150657,TF_PB_4aablock
P,2.009546465,TF_PB_4aablock
S,1.459530364,TF_PB_4aablock
T,0.905930085,TF_PB_4aablock
W,1.024177084,TF_PB_4aablock
Y,2.487764897,TF_PB_4aablock
V,0.554092095,TF_PB_4aablock
A,1.157955278,TF_PB_8aablock
R,0.600040803,TF_PB_8aablock
N,1.003873856,TF_PB_8aablock
D,0.864856335,TF_PB_8aablock
C,0.612808533,TF_PB_8aablock
Q,1.132918104,TF_PB_8aablock
E,0.574637131,TF_PB_8aablock
G,1.256797757,TF_PB_8aablock
H,1.162207263,TF_PB_8aablock
I,0.376675055,TF_PB_8aablock
L,0.68567837,TF_PB_8aablock
K,0.384247295,TF_PB_8aablock
M,0.878378666,TF_PB_8aablock
F,1.527730668,TF_PB_8aablock
P,1.960298688,TF_PB_8aablock
S,1.501384791,TF_PB_8aablock
T,0.91794296,TF_PB_8aablock
W,1.01549834,TF_PB_8aablock
Y,2.263969654,TF_PB_8aablock
V,0.578949664,TF_PB_8aablock
A,1.063611689,TF_PB
R,0.583878433,TF_PB
N,1.019038723,TF_PB
D,0.898654807,TF_PB
C,0.606577773,TF_PB
Q,1.072654055,TF_PB
E,0.514911769,TF_PB
G,1.257520325,TF_PB
H,1.105213672,TF_PB
I,0.298561387,TF_PB
L,0.615088437,TF_PB
K,0.363514594,TF_PB
M,0.754636285,TF_PB
F,1.982522421,TF_PB
P,1.921562264,TF_PB
S,1.476438881,TF_PB
T,0.87891428,TF_PB
W,1.252278258,TF_PB
Y,3.005827161,TF_PB
V,0.506162391,TF_PB
A,1.163249401,Charged_blocks_sabari_top500
R,1.298145087,Charged_blocks_sabari_top500
N,0.672375813,Charged_blocks_sabari_top500
D,0.995924909,Charged_blocks_sabari_top500
C,0.363994642,Charged_blocks_sabari_top500
Q,1.033767871,Charged_blocks_sabari_top500
E,1.214478366,Charged_blocks_sabari_top500
G,1.378902454,Charged_blocks_sabari_top500
H,0.788340335,Charged_blocks_sabari_top500
I,0.311700062,Charged_blocks_sabari_top500
L,0.551629758,Charged_blocks_sabari_top500
K,1.02843973,Charged_blocks_sabari_top500
M,0.441109247,Charged_blocks_sabari_top500
F,0.268296986,Charged_blocks_sabari_top500
P,2.344316335,Charged_blocks_sabari_top500
S,1.469180158,Charged_blocks_sabari_top500
T,1.070394427,Charged_blocks_sabari_top500
W,0.46677988,Charged_blocks_sabari_top500
Y,0.322580517,Charged_blocks_sabari_top500
V,0.512159704,Charged_blocks_sabari_top500
A,1.083398029,Charged_blocks_sabari
R,1.203848416,Charged_blocks_sabari
N,0.739643864,Charged_blocks_sabari
D,1.087532597,Charged_blocks_sabari
C,0.296923548,Charged_blocks_sabari
Q,1.074113163,Charged_blocks_sabari
E,1.257538996,Charged_blocks_sabari
G,1.454844444,Charged_blocks_sabari
H,0.837379135,Charged_blocks_sabari
I,0.334334245,Charged_blocks_sabari
L,0.509915104,Charged_blocks_sabari
K,1.050974892,Charged_blocks_sabari
M,0.491859274,Charged_blocks_sabari
F,0.337327166,Charged_blocks_sabari
P,2.056338006,Charged_blocks_sabari
S,1.589832256,Charged_blocks_sabari
T,1.036808949,Charged_blocks_sabari
W,0.416177112,Charged_blocks_sabari
Y,0.355932036,Charged_blocks_sabari
V,0.549202164,Charged_blocks_sabari